1A,Phonology
2A,Phonology
3A,Phonology
4A,Phonology
5A,Phonology
6A,Phonology
7A,Phonology
8A,Phonology
9A,Phonology
10A,Phonology
10B,Phonology
11A,Phonology
12A,Phonology
13A,Phonology
14A,Phonology
15A,Phonology
16A,Phonology
17A,Phonology
18A,Phonology
19A,Phonology
20A,Morphology
21A,Morphology
21B,Morphology
22A,Morphology
23A,Morphology
24A,Morphology
25A,Morphology
25B,Morphology
26A,Morphology
27A,Morphology
28A,Morphology
29A,Morphology
30A,Nominal Categories
31A,Nominal Categories
32A,Nominal Categories
33A,Nominal Categories
34A,Nominal Categories
35A,Nominal Categories
36A,Nominal Categories
37A,Nominal Categories
38A,Nominal Categories
39A,Nominal Categories
39B,Nominal Categories
40A,Nominal Categories
41A,Nominal Categories
42A,Nominal Categories
43A,Nominal Categories
44A,Nominal Categories
45A,Nominal Categories
46A,Nominal Categories
47A,Nominal Categories
48A,Nominal Categories
49A,Nominal Categories
50A,Nominal Categories
51A,Nominal Categories
52A,Nominal Categories
53A,Nominal Categories
54A,Nominal Categories
55A,Nominal Categories
56A,Nominal Categories
57A,Nominal Categories
58A,Nominal Syntax
58B,Nominal Syntax
59A,Nominal Syntax
60A,Nominal Syntax
61A,Nominal Syntax
62A,Nominal Syntax
63A,Nominal Syntax
64A,Nominal Syntax
65A,Verbal Categories
66A,Verbal Categories
67A,Verbal Categories
68A,Verbal Categories
69A,Verbal Categories
70A,Verbal Categories
71A,Verbal Categories
72A,Verbal Categories
73A,Verbal Categories
74A,Verbal Categories
75A,Verbal Categories
76A,Verbal Categories
77A,Verbal Categories
78A,Verbal Categories
79A,Verbal Categories
79B,Verbal Categories
80A,Verbal Categories
81A,Word Order
81B,Word Order
82A,Word Order
83A,Word Order
84A,Word Order
85A,Word Order
86A,Word Order
87A,Word Order
88A,Word Order
89A,Word Order
90A,Word Order
90B,Word Order
90C,Word Order
90D,Word Order
90E,Word Order
90F,Word Order
90G,Word Order
91A,Word Order
92A,Word Order
93A,Word Order
94A,Word Order
95A,Word Order
96A,Word Order
97A,Word Order
98A,Simple Clauses
99A,Simple Clauses
100A,Simple Clauses
101A,Simple Clauses
102A,Simple Clauses
103A,Simple Clauses
104A,Simple Clauses
105A,Simple Clauses
106A,Simple Clauses
107A,Simple Clauses
108A,Simple Clauses
108B,Simple Clauses
109A,Simple Clauses
109B,Simple Clauses
110A,Simple Clauses
111A,Simple Clauses
112A,Simple Clauses
113A,Simple Clauses
114A,Simple Clauses
115A,Simple Clauses
116A,Simple Clauses
117A,Simple Clauses
118A,Simple Clauses
119A,Simple Clauses
120A,Simple Clauses
121A,Simple Clauses
122A,Complex Sentences
123A,Complex Sentences
124A,Complex Sentences
125A,Complex Sentences
126A,Complex Sentences
127A,Complex Sentences
128A,Complex Sentences
129A,Lexicon
130A,Lexicon
130B,Lexicon
131A,Lexicon
132A,Lexicon
133A,Lexicon
134A,Lexicon
135A,Lexicon
136A,Lexicon
136B,Lexicon
137A,Lexicon
137B,Lexicon
138A,Lexicon
139A,Sign Languages
140A,Sign Languages
141A,Other
142A,Other
143A,Word Order
143B,Word Order
143C,Word Order
143D,Word Order
143E,Word Order
143F,Word Order
143G,Word Order
144A,Word Order
144B,Word Order
144C,Word Order
144D,Word Order
144E,Word Order
144F,Word Order
144G,Word Order
144H,Word Order
144I,Word Order
144J,Word Order
144K,Word Order
144L,Word Order
144M,Word Order
144N,Word Order
144O,Word Order
144P,Word Order
144Q,Word Order
144R,Word Order
144S,Word Order
144T,Word Order
144U,Word Order
144V,Word Order
144W,Word Order
144X,Word Order
144Y,Word Order
